;Term;Occurrences;Stopword
abattent;abattent;1;
abime;abime;1;
abimer;abimer;1;
abord;abord;1;
abrite;abrite;1;
absence;absence;7;
accessibles;accessibles;1;
accomplir;accomplir;1;
action;action;2;
activité;activité;1;
activités;activité;;
actualité;actualité;1;
actuel;actuel;2;
actuelle;actuel;3;
actuellement;actuel;5;
actuels;actuel;2;
adapté;adapté;1;
adéquation;adéquation;1;
aération;aération;1;
affectif;affectif;3;
agace;agace;1;
agissent;agissent;1;
agit;agit;1;
agréable;agréable;82;
agréables;agréable;14;
agrément;agrément;6;
agression;agression;3;
agressions;agressions;2;
agricoles;agricoles;1;
agriculteur;agriculteur;2;
aime;aime;8;
ainsi;ainsi;1;
air;air;246;
alentour;alentours;3;
alentours;alentours;62;
alimentation;alimentation;1;
allemagne;allemagne;1;
aller;aller;3;
allergie;allergie;1;
alors;alors;1;
alphatiques;alphatiques;1;
amabilité;amabilité;2;
ambiance;ambiance;8;
améliorer;améliorer;5;
aménage;aménage;1;
aménagement;aménagement;10;
aménagements;aménagements;1;
amical;amical;2;
amis;amis;49;
amitié;amis;4;
amour;amour;3;
angoisse;angoisse;1;
animale;animaux;2;
animation;animaux;3;
animaux;animaux;68;
annecy;annecy;2;
antipollution;antipollution;2;
anture;nature;2;
appartient;appartient;1;
apport;apport;1;
arabes;arabes;1;
arbre;arbres;6;
arbres;arbre;131;
architectural;architecture;2;
architecture;architecture;7;
architectures;architecture;2;
argent;argent;1;
argument;argument;1;
armonieux;armonieux;1;
artifficiellement;artifficiellement;1;
aspect;aspect;7;
aspects;aspects;2;
assez;assez;5;
atificielles;artificielles;1;
atmosphère;atmosphère;13;
atmosphérique;atmosphérique;2;
attaquée;attaquée;1;
atteindre;atteindre;1;
attention;attention;9;
auditives;auditives;1;
aussi;aussi;13;
autorités;autorités;1;
autoroute;autoroute;2;
autour;autour;454;
autre;autre;3;
autres;autres;16;
autrui;autrui;4;
avantages;avantages;2;
avenir;avenir;17;
avoir;avoir;20;
baignade;baignade;1;
baigne;baigne;2;
baignons;baignons;1;
bancs;bancs;1;
banlieue;banlieue;2;
banlieues;banlieues;1;
banques;banques;1;
bâtiments;bâtiments;4;
bavardages;bavardages;1;
beau;beau;11;
beaucoup;beaucoup;26;
beauté;beauté;46;
belle;belle;5;
belles;belles;1;
besoin;besoin;4;
bêtes;bêtes;8;
béton;béton;9;
betteraves;betteraves;1;
bie;bie;1;
bien;bien;260;
biens;biens;2;
bient;bient;2;
biologie;biologie;1;
bleu;bleu;2;
blocs;blocs;1;
bois;bois;62;
boit;boit;3;
bon;bon;35;
bonheur;bonheur;7;
bonne;bonne;9;
bonnes;bonne;3;
bons;bons;5;
bord;bord;5;
bouge;bouge;1;
boum;boum;1;
bretagne;bretagne;1;
brice;brice;2;
brouillard;brouillard;1;
bruit;bruit;58;
bruits;bruit;12;
bruyant;bruit;3;
bureau;bureau;1;
ça;ça;26;
cadre;cadre;374;
calme;calme;213;
campagnard;campagne;2;
campagne;campagne;268;
campagnes;campagne;2;
caractère;caractère;2;
catalytique;catalytique;1;
cause;cause;2;
celle;celle;2;
centre;centre;2;
cercle;cercle;2;
certain;certain;3;
certaine;certaine;6;
certaines;certaines;2;
ceux;ceux;5;
chacun;chacun;11;
chaleur;chaleur;2;
champs;champs;32;
changement;changement;2;
changements;changements;1;
chants;chants;3;
chaque;chaque;4;
charge;charge;1;
chasse;chasse;5;
chemin;chemin;1;
chemins;chemin;3;
chevaux;chevaux;1;
chez;chez;78;
choisi;choisi;1;
choix;choix;6;
chose;chose;33;
choses;choses;41;
ciel;ciel;4;
cinq;cinq;3;
circulation;circulation;6;
citadin;citadin;1;
cités;cités;4;
clarté;clarté;1;
classes;classes;2;
climat;climat;9;
climatiques;climat;1;
coin;coin;6;
collectif;collectif;1;
collective;collective;2;
collectivité;collectivité;2;
collègues;collègues;1;
colline;colline;1;
colorés;colorés;1;
comme;comme;12;
comment;comment;4;
commerçants;commerçants;2;
commerces;commerces;12;
commerciale;commerciale;2;
commodité;commodité;2;
commodités;commodités;3;
communale;communale;1;
communauté;communauté;2;
commune;commune;9;
communication;communication;6;
compagnie;compagnie;1;
complexe;complexe;1;
compliqué;compliqué;1;
comportement;comportement;3;
comprend;comprend;1;
compris;compris;1;
concentration;concentration;4;
concerne;concerne;3;
concours;concours;1;
condition;condition;6;
conditionne;condition;4;
conditions;condition;19;
conduire;conduire;1;
confort;confort;13;
connaissances;connaissances;1;
connaitre;connaitre;1;
conscience;conscience;4;
conscient;conscient;1;
conséquences;conséquences;1;
conservation;conservation;10;
constante;constante;1;
constitue;constitue;1;
constitués;constitués;1;
construction;construction;5;
construit;construction;2;
construits;construction;2;
contact;contact;6;
contacts;contacts;1;
contexte;contexte;4;
continuer;continuer;1;
contraintes;contraintes;1;
contraire;contraire;2;
contre;contre;10;
contribue;contribue;1;
convilialité;convivialité;1;
convivialité;convivialité;4;
copains;copains;1;
correcte;correcte;1;
correctes;correctes;1;
correspondent;correspondent;1;
côté;côté;5;
côtoie;côtoie;8;
côtoient;côtoie;1;
côtois;côtoie;1;
couche;couche;11;
couleur;couleur;6;
couleurs;couleurs;3;
coup;coup;1;
courante;courante;2;
cours;cours;10;
coùteux;coùteux;1;
crainte;crainte;2;
crois;crois;1;
cultivations;cultivations;1;
cultivés;cultures;4;
culture;cultures;9;
culturel;culturel;6;
cultures;cultures;5;
danger;danger;3;
débats;débats;1;
debruit;debruit;1;
décharges;déchets;8;
déchet;déchets;2;
déchets;déchets;28;
décor;décor;10;
décoration;décoration;1;
dedans;dedans;1;
défense;défense;9;
définition;définition;2;
dégradation;dégradation;5;
dégradations;dégradation;2;
dégradée;dégradation;2;
dehors;dehors;6;
délabrée;délabrée;1;
densité;densité;1;
départements;départements;1;
dépent;dépent;2;
déplace;déplace;2;
déplacement;déplacement;1;
déplacements;déplacements;2;
derait;devrait;1;
déroulement;déroulement;1;
derrière;derrière;1;
désagréable;désagréable;4;
désagréables;désagréables;1;
désert;désert;2;
désertique;désertique;1;
désolation;désolation;1;
désordre;désordre;1;
destruction;destruction;4;
détendre;détendre;1;
détente;détente;14;
déterminés;déterminés;1;
détruire;détruire;1;
deux;deux;1;
devant;devant;3;
développement;développement;2;
devie;devie;2;
difficile;difficile;1;
difiguré;défiguré;1;
dire;dire;8;
directement;directement;1;
discipline;discipline;1;
discussion;discussion;1;
distillerie;distillerie;1;
distraction;distraction;1;
distractions;distractions;2;
distrctions;distractions;1;
doit;doit;7;
domicile;domicile;9;
dommage;dommage;1;
donc;donc;3;
donne;donne;2;
données;données;1;
dont;dont;17;
douces;douces;1;
douceur;douceur;5;
dù;dù;1;
due;due;2;
dues;dues;2;
durer;durer;1;
eau;eau;99;
echelle;échelle;1;
éclairage;éclairage;1;
école;école;3;
écoles;écoles;3;
écolo;écologie;1;
écologie;écologie;125;
écologique;écologie;3;
écologistes;écologie;6;
écolos;écologie;7;
économie;économie;6;
économique;économique;3;
écosystème;écosystème;2;
écouler;écouler;1;
efforcer;efforcer;1;
egoîsme;egoîsme;1;
égouts;égouts;1;
élection;élection;1;
électorales;électorales;1;
élément;élément;1;
éléments;éléments;5;
élevé;élevé;1;
éleveur;éleveur;1;
éloigné;éloigné;1;
embellir;embellir;1;
emplacement;emplacement;1;
employé;employé;1;
endroit;endroit;70;
endroits;endroit;6;
énergie;énergie;3;
énergies;énergies;1;
enfants;enfants;23;
engrais;engrais;2;
enjeu;enjeu;2;
enquêté;enquêté;3;
ensemble;ensemble;22;
ensembles;ensembles;2;
ensoleillement;ensoleillement;1;
entassé;entassé;2;
entend;entend;3;
entende;entende;2;
entends;entends;4;
entendu;entendu;1;
entente;entente;3;
entière;entière;3;
entour;entour;1;
entourage;entourage;72;
entourages;entourage;1;
entoure;entoure;452;
entouré;entoure;6;
entourée;entoure;1;
entourent;entoure;25;
entre;entre;4;
entreprise;entreprise;1;
entretenir;entretien;4;
entretenu;entretien;2;
entretien;entretien;7;
envahi;envahi;1;
envers;envers;1;
environne;environne;9;
environnement;environnement;86;
environnemnet;environnement;1;
environnents;environne;3;
environs;environs;28;
équilibre;équilibre;16;
équilibres;équilibres;1;
erreur;erreur;1;
esclave;esclave;1;
escroquerie;escroquerie;1;
espace;espace;222;
espaces;espaces;103;
espèces;espèces;2;
esprit;esprit;4;
essayer;essayer;2;
essentiel;essentiel;1;
estérieure;extérieur;1;
esthétique;esthétique;17;
esthétisme;esthétique;3;
étang;étang;2;
étangs;étangs;1;
état;état;12;
étouffement;étouffement;1;
étrangère;étrangère;1;
étrangers;étrangers;1;
être;être;220;
êtres;êtres;2;
étude;étude;2;
évident;évident;1;
éviter;éviter;7;
évolue;évolue;11;
évoque;évoque;4;
excès;excès;3;
existe;existe;2;
existence;existence;2;
exploitations;exploitations;1;
exploite;exploite;1;
exploiter;exploiter;1;
extention;extention;1;
extérieur;extérieur;24;
extérieures;extérieur;2;
extérieurs;extérieur;2;
facile;facile;1;
facilité;facilité;4;
façon;façon;28;
façons;façons;1;
faire;faire;13;
faisant;faisant;2;
fait;fait;16;
familial;famille;11;
familiale;famille;3;
familier;familier;1;
familière;familière;1;
famille;famille;40;
faudra;faudra;1;
faune;faune;16;
faut;faut;9;
favorablement;favorablement;1;
fenêtre;fenêtre;5;
fer;fer;1;
feraient;feraient;1;
fermes;fermes;1;
fier;fier;1;
finalité;finalité;1;
fleurs;fleurs;49;
fleuves;fleuves;3;
flore;fleurs;14;
fonds;fonds;1;
font;font;1;
forcément;forcément;2;
forêt;forêt;60;
forêts;forêt;17;
forme;forme;1;
formes;formes;4;
foule;foule;3;
fragilité;fragilité;1;
france;france;6;
fréquentation;fréquentation;1;
fréquente;fréquente;2;
fréquentés;fréquentés;1;
fréquentez;fréquentez;1;
fumées;fumées;2;
futur;futur;4;
future;future;1;
gai;gai;1;
gaité;gaité;3;
galaure;galaure;1;
galvaudé;galvaudé;2;
gaspillage;gaspillage;4;
géner;géner;2;
général;général;16;
générale;général;3;
gens;gens;169;
géo;géo;1;
géographique;géographique;7;
gestion;gestion;3;
gibier;gibier;1;
grand;grand;57;
grande;grande;6;
grandes;grandes;5;
grands;grands;11;
grave;grave;1;
gravit;gravit;1;
grisatres;grisatres;1;
gros;gros;3;
habiltation;habitat;1;
habit;habit;1;
habitants;habitants;4;
habitat;habitat;17;
habitation;habitat;36;
habitations;habitat;9;
habite;habite;38;
habitons;habitons;1;
habitude;habitude;2;
habitudes;habitudes;1;
haies;haies;3;
harmonie;harmonie;8;
herbe;herbe;6;
héritage;héritage;1;
homme;homme;20;
hommes;hommes;11;
humain;humain;16;
humaine;humain;2;
humains;humain;4;
humanité;humanité;2;
humeur;humeur;1;
hygiène;hygiène;6;
hygienne;hygiène;5;
idée;idée;3;
immédiat;immédiat;8;
immédiats;immédiat;4;
immeuble;immeuble;2;
immeubles;immeubles;10;
implique;implique;1;
important;important;8;
importante;important;2;
impression;impression;1;
incapable;incapable;1;
inconvénients;inconvénients;1;
indépendance;indépendance;2;
indispensable;indispensable;2;
individu;individu;5;
individuelle;individu;2;
individuelles;individu;1;
industrie;industrie;5;
industrielles;industrie;3;
influe;influe;1;
influence;influence;2;
infrastructures;infrastructures;3;
injustice;injustice;1;
insectes;insectes;1;
installation;installation;1;
insuffisances;insuffisances;1;
intégriste;intégriste;1;
intelligents;intelligents;1;
intéressant;intéressant;1;
intéresse;intéresse;1;
intervenus;intervenus;1;
intrusion;intrusion;1;
irrite;irrite;1;
isolé;isolé;2;
jachère;jachère;1;
jachères;jachères;2;
jamais;jamais;3;
jardin;jardin;21;
jardins;jardins;24;
jhabite;habite;2;
joie;joie;12;
jouissance;jouissance;1;
jour;jour;5;
jours;jours;21;
kilomètres;kilomètres;2;
là;là;34;
lac;lac;2;
lacs;lac;7;
laissé;laisser;1;
laliberté;liberté;1;
lalonde;lalonde;3;
lanature;nature;1;
landes;landes;1;
laquelle;laquelle;4;
large;large;5;
lebien;bien;1;
lécologie;écologie;1;
légumes;légumes;1;
lequel;lequel;51;
liberté;libre;43;
libre;libre;6;
libres;libre;1;
lié;lié;6;
liée;lié;3;
liés;lié;4;
lieu;lieu;138;
lieux;lieux;35;
limitation;limitation;1;
limite;limite;1;
limites;limites;1;
logement;logement;21;
logements;logements;1;
loin;loin;3;
loisir;loisirs;8;
long;long;3;
lumière;lumière;4;
luminosité;luminosité;1;
lutte;lutte;7;
magasins;magasins;6;
magouille;magouille;1;
magouilles;magouilles;1;
maison;maison;84;
maisons;maisons;27;
maitrise;maîtrise;1;
mal;mal;9;
malade;malade;1;
malheureusement;malheureusement;2;
mamis;mamis;1;
manger;manger;2;
manière;manière;4;
manque;manque;5;
marche;marche;1;
marin;marin;1;
marolles;marolles;1;
marseille;marseille;2;
matériel;matériel;1;
matériellement;matériellement;1;
matin;matin;1;
mauvais;mauvais;3;
mauvaise;mauvais;4;
mauvaises;mauvais;3;
maximun;maximun;1;
médias;médias;1;
meilleur;meilleur;1;
meilleures;meilleures;2;
menace;menace;1;
ménagers;ménagers;1;
mer;mer;51;
met;met;1;
metz;metz;1;
michel;michel;1;
mieux;mieux;8;
milieu;milieu;84;
minimum;minimum;2;
minimun;minimum;1;
ministère;ministère;6;
ministre;ministre;2;
mode;mode;31;
modéré;modéré;1;
moderne;moderne;5;
modes;modes;2;
moins;moins;7;
moitié;moitié;1;
monde;monde;24;
mont;mont;1;
montagne;montagne;38;
montagnes;montagne;7;
monuments;monuments;1;
moral;moral;2;
morales;morales;1;
morosité;morosité;1;
mot;mot;22;
mots;mots;1;
nappe;nappe;1;
nature;nature;2087;
natureautour;nature;1;
naturel;naturel;31;
naturelle;naturel;2;
naturelles;naturel;2;
naturels;naturel;4;
nauséabonde;nauséabonde;1;
nécessaire;nécessaire;2;
nécessité;nécessité;2;
néfaste;néfaste;1;
néfastent;néfastent;1;
négatif;négatif;1;
ni;ni;1;
nitrates;nitrates;1;
niveau;niveau;3;
niveaux;niveaux;1;
nocifs;nocifs;1;
non;non;42;
nucléaire;nucléaire;3;
nucléaires;nucléaire;5;
nuisance;nuisances;6;
nuisances;nuisances;19;
nuisibles;nuisibles;1;
obligations;obligations;1;
occasionnellement;occasionnellement;1;
occupations;occupations;1;
occupé;occupé;1;
occupper;occupper;1;
océan;océan;3;
odeur;odeurs;7;
odeurs;odeurs;25;
odieux;odieux;1;
oeil;oeil;3;
oiseaux;oiseaux;63;
opposition;opposition;1;
ordre;ordre;1;
ordures;ordure;5;
organisation;organisation;1;
oseurs;oseurs;1;
où;où;233;
oxygéne;oxygène;1;
oxygène;oxygène;10;
ozone;ozone;19;
paix;paix;9;
palier;palier;1;
papiers;papiers;1;
parcs;parcs;4;
parfait;parfait;1;
parfumées;parfumées;1;
parle;parle;11;
part;part;1;
particulier;particulier;4;
partie;partie;7;
partis;partis;2;
partout;partout;3;
passe;passe;27;
patrimoine;patrimoine;4;
pavillon;pavillon;1;
pays;pays;2;
paysage;paysage;77;
paysages;paysage;33;
paysant;paysant;1;
peau;peau;4;
pêche;pêche;1;
pein;plein;2;
perçoivent;perçoivent;1;
périphérie;périphérie;1;
permet;permet;3;
permettent;permettent;1;
personne;personne;2;
personnel;personnel;1;
personnelle;personnelle;2;
personnellement;personnellement;1;
personnes;personnes;28;
perte;perte;2;
perturbations;perturbations;1;
petit;petit;1;
petits;petits;9;
peu;peu;18;
peut;peut;19;
peuvent;peut;2;
peux;peut;3;
phénomènes;phénomènes;1;
philosophie;philosophie;1;
phosphates;phosphates;1;
phréatique;phréatique;1;
physique;physique;5;
physiquement;physiquement;2;
physiques;physiques;2;
pied;pied;1;
pire;pire;1;
place;place;2;
plais;plais;1;
plaisant;plaisant;1;
plaisent;plaisent;2;
plaisir;plaisir;32;
plait;plait;3;
planche;planche;1;
planétaire;planète;4;
planète;planète;19;
planette;planète;1;
plantes;plantes;9;
plaqué;plaqué;1;
plastiques;plastiques;1;
plein;plein;15;
plus;plus;35;
plutôt;plutôt;7;
point;point;5;
points;points;1;
politique;politique;25;
politiques;politique;4;
polluant;pollution;1;
polluants;pollution;1;
pollue;pollution;2;
pollué;pollution;9;
polluent;pollution;2;
pollués;pollution;2;
pollution;pollution;330;
pollutions;pollution;3;
population;population;19;
portent;portent;2;
portés;portés;1;
posé;posé;1;
possibilité;possibilité;2;
possible;possible;6;
possibles;possibles;1;
pot;pot;1;
potable;potable;1;
poubelle;poubelle;2;
poubelles;poubelles;3;
poussière;poussière;1;
pouvoir;pouvoir;2;
prairie;prairies;2;
prairies;prairies;9;
pratique;pratique;4;
précises;précises;1;
premier;premier;2;
prendre;prendre;4;
préoccupé;préoccupé;1;
prés;prés;11;
près;près;12;
présence;présence;2;
préservation;préserver;10;
préservé;préserver;1;
préserver;préserver;16;
préverser;préserver;1;
principal;principal;2;
principalement;principalement;2;
priorité;priorité;2;
prise;prise;3;
privée;privée;2;
problème;problèmes;18;
problèmes;problèmes;28;
proche;proche;20;
proches;proches;3;
production;production;1;
produits;produits;6;
profession;professionnel;1;
professionnel;professionnel;9;
professionnelle;professionnel;5;
progrès;progres;2;
promenade;promenade;7;
promenades;promenade;3;
promener;promenade;4;
propre;propreté;27;
propres;propreté;5;
propreté;propreté;191;
propriété;propriété;1;
proptection;protection;1;
protection;protection;66;
protégé;protection;2;
protéger;protection;8;
proximité;proximité;23;
psychique;psychique;2;
publicitaire;publicitaire;1;
publics;public;2;
publique;public;2;
publiques;public;2;
puis;puis;2;
puisse;puisse;1;
puissent;puissent;2;
pulmonaire;pulmonaire;1;
pur;pur;56;
pure;pur;5;
pureté;pur;15;
pyrolène;pyrolène;1;
quadre;cadre;1;
qualité;qualité;287;
quand;quand;6;
quartier;quartier;19;
quelque;quelque;25;
quelques;quelques;3;
question;question;5;
quoi;quoi;7;
quotidien;quotidien;17;
quotidienne;quotidien;36;
quotidiennement;quotidien;4;
raison;raison;3;
ralentir;ralentir;1;
ramasser;ramasser;1;
randonnée;randonnée;1;
rapidement;rapidement;1;
rapport;rapport;10;
rapporte;rapporte;4;
rapports;rapport;2;
rattaché;rattaché;1;
réagir;réagir;1;
réalité;réalité;2;
recherche;recherche;1;
reculer;reculer;1;
récupération;récupération;3;
recyclage;recyclage;3;
refaire;refaire;1;
reflète;reflète;1;
regarde;regarde;1;
regarder;regarder;5;
région;région;18;
régions;région;1;
régler;régler;1;
régulièrement;régulièrement;1;
relation;relation;3;
relationnel;relations;2;
relations;relations;9;
relative;relative;1;
remenbrement;remembrement;1;
renards;renards;1;
rencontre;rencontre;1;
rencontres;rencontres;1;
rend;rend;3;
rendre;rendre;3;
répondre;répondre;1;
repos;repos;7;
représente;représente;1;
réside;résidence;1;
résidence;résidence;6;
résidez;résidence;1;
respect;respect;100;
respecter;respect;6;
respire;respirer;22;
respirer;respirer;10;
respirons;respirer;1;
responsable;responsable;1;
ressouces;ressources;1;
ressourcement;ressourcement;1;
ressourcer;ressourcer;1;
ressources;ressources;1;
reste;reste;3;
retard;retard;1;
retient;retient;1;
retraitre;retraitre;1;
revivre;revivre;1;
rien;rien;32;
risque;risque;1;
rivière;rivière;11;
rivières;rivière;7;
roulage;roulage;1;
route;route;2;
routes;routes;5;
royal;royal;1;
royale;royale;2;
rue;rue;8;
rues;rue;5;
ruisseaux;ruisseaux;3;
rural;rural;3;
rytme;rytme;1;
sacager;sacager;1;
sacs;sacs;1;
sain;sain;16;
saine;sain;5;
sainement;sain;1;
saint;saint;1;
sais;sais;20;
sale;saleté;1;
sales;saleté;1;
saleté;saleté;6;
saletés;saleté;1;
salubre;salubre;1;
salubrité;salubrité;5;
santé;santé;29;
santée;santée;1;
sauces;sauces;2;
sauvages;sauvages;6;
sauvegarde;sauvegarder;6;
sauvegarder;sauvegarder;6;
savoir;savoir;5;
sécheresse;sécheresse;1;
secteur;secteur;4;
sécurité;sécurité;11;
ségolène;ségolène;2;
sens;sens;12;
sent;sentir;6;
sente;sentir;2;
senteurs;sentir;1;
sentir;sentir;13;
séparer;sépar;1;
serein;serein;1;
sérénité;sérénité;3;
serré;serré;1;
services;services;2;
si;si;10;
sien;sien;2;
sifflent;sifflent;1;
silence;silence;15;
simple;simple;1;
site;site;11;
sites;site;5;
situation;situation;3;
ski;ski;1;
sociabilité;société;1;
social;société;10;
sociales;société;2;
sociaux;société;1;
société;société;13;
socio;socio;3;
soignent;soignent;1;
soin;soin;5;
soins;soins;1;
sol;sol;2;
soleil;soleil;25;
solitude;solitude;2;
sophistiquée;sophistiquée;1;
sortant;sortant;2;
sorties;sorties;1;
souci;souci;3;
soucier;soucier;1;
sous;sous;4;
sport;sport;8;
sportifs;sport;1;
square;square;1;
stress;stress;7;
style;style;1;
subis;subis;1;
subsister;subsister;1;
suisse;suisse;1;
support;support;1;
surnombre;surnombre;1;
surpeuplement;surpeuplement;1;
surpopulation;surpopulation;5;
surtout;surtout;5;
surveillance;surveillance;1;
survie;survie;6;
suvie;survie;2;
sympa;sympa;1;
sympatie;sympa;1;
talus;talus;1;
tarascon;tarascon;1;
tchernobyl;tchernobyl;3;
télé;télé;2;
tellement;tellement;3;
tempéré;tempéré;1;
terme;terme;6;
terrains;terrains;4;
terre;terre;33;
terres;terres;3;
tgv;tgv;2;
thème;thème;2;
tissus;tissus;3;
tonic;tonic;1;
tou;tou;6;
touche;touche;31;
touchée;touche;1;
tour;tour;10;
tours;tours;1;
tous;tous;33;
tout;tout;453;
toute;toute;10;
toutes;toutes;11;
toxines;toxines;1;
trace;trace;1;
tracteurs;tracteurs;1;
trafic;trafic;2;
trainent;trainent;1;
traitement;traitement;1;
traiter;traiter;2;
tranquilité;tranquilité;;
tranquillité;tranquillité;73;
tranquilliter;tranquillité;1;
tranqullité;tranquillité;1;
transport;transport;4;
transports;transports;3;
travail;travail;32;
travaille;travail;2;
travailler;travail;2;
travaux;travaux;2;
très;très;10;
tristesse;tristesse;1;
trois;trois;1;
trop;trop;27;
trou;trou;2;
trouve;trouve;26;
trouver;trouve;6;
trucs;trucs;1;
turcs;turcs;1;
unflue;influe;1;
uniquement;uniquement;1;
univers;univers;5;
urbain;urbain;7;
urbaine;urbain;1;
urbanisation;urbain;1;
usines;usine;21;
utilise;utilise;4;
utilisé;utilisé;4;
utiliser;utiliser;1;
utopistes;utopistes;1;
va;va;8;
vacances;vacances;9;
vaches;vaches;3;
vague;vague;10;
vais;vais;2;
valeurs;valeurs;1;
vallée;vallée;1;
vallonnés;vallonnés;1;
vaste;vaste;9;
végétale;végétation;2;
végétation;végétation;15;
véhicules;véhicules;1;
vélo;vélo;1;
venant;venant;2;
venir;venir;1;
verdure;verdure;159;
vers;vers;1;
vert;vert;78;
verte;verte;5;
verts;verts;98;
veut;veut;7;
vicié;vicié;2;
vie;vie;881;
vigilance;vigilance;2;
vignoble;vignoble;1;
village;village;20;
villages;villages;4;
ville;ville;66;
villes;villes;19;
vis;vis;66;
visibles;visibles;1;
vision;vision;1;
visuelle;visuelle;2;
visuels;visuels;1;
vit;vit;121;
vital;vital;11;
vivant;vivant;1;
vivants;vivants;3;
vivent;vivent;9;
vivons;vivons;2;
vivre;vivre;123;
voie;voie;1;
voile;voile;1;
voir;voir;7;
vois;voir;21;
voisinage;voisinage;85;
voisinages;voisinage;1;
voisinnage;voisinage;2;
voisins;voisins;73;
voit;voir;15;
voiture;voitures;2;
voitures;voitures;16;
vraiment;vraiment;2;
vu;voir;1;
vue;voir;14;
wallincourt;wallincourt;1;
yeux;yeux;4;
zones;zones;2;
